发展,704
建设,636
推进,602
加快,348
推动,335
实施,315
加强,281
持续,262
经济,259
国家,257
支持,245
重点,227
体系,225
提升,224
完善,218
政策,206
创新,184
就业,171
改革,164
促进,158
深入,158
企业,155
保障,154
产业,153
高质量,142
领域,139
机制,135
全面,133
重大,133
深化,131
开展,128
优化,127
行动,126
工作,124
投资,124
增长,123
进一步,123
消费,123
市场,121
强化,119
全国,116
工程,114
地区,112
制度,112
加大,111
社会,110
风险,109
绿色,109
水平,108
稳定,108
统筹,107
区域,107
安全,106
能力,105
积极,104
合作,104
基础设施,103
项目,102
保护,102
治理,102
基本,101
力度,100
战略,100
生态,100
扎实,98
科技,98
服务,98
中国,97
健全,93
落实,91
环境,91
扩大,90
国际,89
提高,89
城市,87
坚持,84
做好,84
有效,82
农业,82
农村,82
防控,80
出台,80
试点,79
乡村,78
稳步,77
综合,75
生产,75
构建,74
制造业,74
不断,74
基础,73
融合,73
地方,71
目标,69
有序,69
中心,68
布局,67
国内,66
一是,66
二是,66
资源,66
保持,65
能源,65
三是,64
主要,63
监管,63
疫情,62
实现,61
一批,61
粮食,59
规划,58
制定,58
健康,58
利用,58
形成,56
协同,56
增强,56
现代化,55
作用,55
巩固,55
城镇,54
生活,54
管理,54
一体化,53
继续,53
价格,52
民生,52
培育,52
新型,52
供给,52
政府,51
数字,51
振兴,51
产业链,51
基地,51
取得,50
改造,50
重要,50
专项,49
全球,49
改善,49
要素,48
规模,47
公共服务,47
质量,47
现代,47
问题,47
预期,47
着力,46
需求,46
平台,46
主体,46
规范,46
2023,45
万亿元,45
建立,45
贸易,45
合理,44
发挥,44
恢复,43
我国,43
储备,43
引导,43
升级,43
协调,43
污染,43
计划,42
经济社会,42
研究,42
转型,42
营商,42
脱贫,42
意见,41
特色,41
教育,41
新增,41
四是,41
服务业,41
优势,41
帮扶,41
社会主义,40
任务,40
全年,40
文化,40
措施,40
高水平,39
设施,39
工业,39
市场化,39
供应链,39
化解,38
组织,38
行业,38
稳妥,38
示范,38
示范区,38
成果,37
运行,37
物流,37
标准,37
开放,36
防范,36
公共,36
达到,36
旅游,36
应对,36
医疗,36
超过,35
增加,35
支撑,35
铁路,35
高效,35
打造,35
共建,35
开发,35
2022,35
核心,34
技术,34
循环,34
创业,34
习近平,33
新能源,33
完成,33
世界,33
体制,33
一带,33
一路,33
平稳,32
融资,32
精准,32
汽车,32
带动,32
中央,32
以上,32
产品,32
网络,32
群体,32
困难,31
贷款,31
先进,31
方案,31
数据,31
金融,31
结构,31
指导,30
突出,30
资本,30
应用,30
方式,30
协定,30
防治,30
养老,30
考虑,30
国民经济,29
宏观政策,29
十四五,29
住房,29
研发,29
关键,29
试验区,29
收入,29
城乡,29
更好,29
部分,29
调控,29
粮食安全,29
党中央,28
大力,28
政策措施,28
范围,28
功能,28
优质,28
解决,28
高标准,28
维护,28
监测,28
人口,28
城镇化,28
转移,28
供应,28
处置,28
时代,27
下降,27
成效,27
数字化,27
模式,27
人民,27
群众,27
碳达峰,27
排放,27
煤炭,27
中小,27
总体,26
有力,26
低碳,26
活动,26
通道,26
集群,26
更加,26
要求,26
条件,26
各类,26
节能,26
债务,26
生产总值,25
攻关,25
拓展,25
提质,25
长江,25
统一,25
落地,25
空间,25
坚决,25
特别,25
2024,24
万人,24
举措,24
优先,24
鼓励,24
亿元,24
大型,24
市场准入,24
畅通,24
外贸,24
人员,24
高校,24
调整,24
生态环境,24
保供,24
服务体系,24
疫苗,24
明显,23
成功,23
用能,23
重大项目,23
衔接,23
实体,23
大力发展,23
整治,23
煤电,23
2021,23
能耗,23
耕地,23
房地产,23
切实,23
科学,23
关于,22
精神,22
思想,22
压力,22
格局,22
及时,22
比例,22
新兴产业,22
建成,22
清单,22
探索,22
境外,22
推广,22
国土,22
产能,22
清洁,22
把握,22
贯彻,21
安排,21
潜力,21
电力,21
外资,21
商品,21
攻坚,21
流通,21
强国,21
需要,21
左右,21
部署,20
步伐,20
制造,20
评估,20
西部,20
金融机构,20
启动,20
短板,20
长三角,20
大湾,20
油气,20
自由贸易,20
方面,20
资金,20
强度,20
设备,20
大宗,20
影响,20
跨境,20
执行,19
情况,19
三年,19
按照,19
平衡,19
常态,19
基层,19
结构性,19
工具,19
居民,19
品牌,19
核心技术,19
充分发挥,19
降碳,19
总量,19
控制,19
激发,19
挑战,19
确保,19
北京,18
居民消费,18
货币政策,18
成本,18
释放,18
使用,18
修订,18
枢纽,18
修复,18
社会保障,18
引领,18
分类,18
责任,18
救助,18
依法,18
较大,18
我们,18
调节,18
国务院,17
补短,17
得到,17
均衡,17
纳入,17
民营企业,17
联动,17
效能,17
突破,17
长期,17
自主,17
活力,17
动力,17
共享,17
省级,17
天然气,17
体制改革,17
进出口,17
实际,17
农产品,17
县域,17
攻坚战,17
节约,17
夯实,17
智慧,17
应急,17
仍然,17
深度,17
稳价,17
建立健全,17
坚强,16
调查,16
效应,16
债券,16
分别,16
累计,16
举办,16
参与,16
投入,16
运营,16
人才,16
战略性,16
经营,16
配置,16
实施方案,16
规则,16
伙伴关系,16
采购,16
综合治理,16
贯彻落实,16
海洋,16
农民工,16
培训,16
适度,16
失业,16
面临,16
抓好,16
同志,15
年末,15
系统,15
延续,15
减灾,15
链条,15
生物,15
存在,15
目录,15
业态,15
粤港澳,15
一流,15
信用,15
电商,15
自贸,15
污水,15
海南,15
遏制,15
严格,15
中小企业,15
救治,15
先行,15
增速,15
同时,15
预警,15
市场主体,15
会议,14
二十大,14
深入开展,14
阶段性,14
财政,14
聚焦,14
存量,14
其中,14
消费品,14
民间,14
职业,14
壮大,14
结构调整,14
环节,14
京津冀,14
两个,14
招标,14
负面,14
跨省,14
逐步,14
光伏,14
进口,14
积极参与,14
增收,14
功能区,14
文件,14
环境保护,14
革命,14
五是,14
降低,14
毕业生,14
传承,14
义务教育,14
一些,14
可能,14
大局,14
底线,14
收费,14
报告,13
全国人大,13
新冠,13
深化改革,13
信心,13
经济运行,13
个体,13
工商户,13
防灾,13
清理,13
权益,13
陆海,13
骨干,13
基金,13
商业,13
地位,13
扩容,13
中西部,13
配套,13
管网,13
融入,13
覆盖,13
周期,13
对外开放,13
高铁,13
各项,13
动态,13
医院,13
动能,13
黄河流域,13
东北地区,13
补偿,13
印发,13
再生能源,13
农田,13
相关,13
分配,13
养老金,13
生育,13
复杂,13
提供,13
支付,13
长效机制,13
文明,13
保险,13
发生,13
审查,12
领导,12
决策,12
准确,12
扩大内需,12
变化,12
坚定,12
以及,12
发行,12
通过,12
比重,12
信息,12
风电,12
创新能力,12
评价,12
产教,12
竞争力,12
5G,12
工程建设,12
投标,12
交易,12
运输,12
出口,12
系列,12
谈判,12
新进展,12
防止,12
集中,12
搬迁,12
低收入,12
创建,12
垃圾,12
新区,12
单位,12
交通,12
东北,12
都市,12
平均,12
生态系统,12
注重,12
历史,12
办好,12
城乡居民,12
药品,12
薄弱环节,12
全民,12
家政,12
污染物,12
百年,12
营造,12
开工,12
条例,12
适当,12
物资,12
理念,11
货币,11
取向,11
主动,11
力量,11
新建,11
智能,11
行为,11
标志性,11
口岸,11
外商投资,11
上海,11
农民,11
补齐,11
公园,11
效益,11
县城,11
管控,11
因地制宜,11
种业,11
韧性,11
共同富裕,11
养老保险,11
形态,11
儿童,11
黄河,11
矛盾,11
冲击,11
有利于,11
因素,11
灵活,11
结合,11
安全监管,11
发放,11
电网,11
事业,11
资源化,11
部门,10
宏观调控,10
失业率,10
国际收支,10
上年,10
纲要,10
形势,10
预算内,10
整体,10
经费,10
扣除,10
传统,10
港口,10
公共资源,10
民营,10
围绕,10
关键环节,10
班列,10
货物,10
海外,10
返贫,10
人均,10
医疗卫生,10
福建,10
空间规划,10
实行,10
亿亩,10
压实,10
稳岗,10
岗位,10
安置,10
均等化,10
健身,10
显著,10
不足,10
当前,10
法治化,10
谋划,10
创造,10
扶持,10
城市群,10
守住,10
多层次,10
良好,10
重点项目,10
草案,9
提出,9
完整,9
回升,9
救灾,9
预算,9
支出,9
人民币,9
加力,9
用地,9
驱动,9
自立自强,9
设计,9
实验室,9
人工智能,9
成为,9
费用,9
行动计划,9
发布,9
最大,9
公平竞争,9
交易平台,9
指引,9
国有企业,9
自然,9
电价,9
卫生,9
中欧,9
直接,9
排查,9
医疗保险,9
劳动力,9
渠道,9
家庭,9
产业化,9
供水,9
运用,9
经济带,9
流域,9
编制,9
两岸,9
老区,9
放宽,9
美丽,9
水土流失,9
发电,9
水资源,9
综合利用,9
装备,9
强链,9
兜底,9
冷链,9
考核,9
退税,9
公共卫生,9
中医药,9
参保,9
亿人,9
刚性,9
系统性,9
居民收入,9
结果,9
民族,9
充分,9
体现,9
导向,9
稳健,9
环保,9
普惠,9
家电,9
弘扬,9
准入,9
最低,9
资产,9
金融风险,9
供需,9
严峻,9
接种,9
普惠小微,9
并举,9
外债,9
全国政协,8
一年,8
稳中求进,8
提振,8
显现,8
后续,8
务实,8
充裕,8
百分点,8
改进,8
保障性,8
不断完善,8
技术创新,8
加计,8
作为,8
根基,8
传统产业,8
能效,8
未来,8
算力,8
落细,8
破除,8
整合,8
所有制,8
经济布局,8
正式,8
开放型,8
联合国,8
吸引,8
对接,8
确定,8
新一轮,8
交通运输,8
水质,8
雄安,8
管理制度,8
中部,8
进展,8
2035,8
成渝,8
2.5,8
水电,8
万亿斤,8
1.3,8
大豆,8
态势,8
大国,8
货运,8
满足,8
隐性,8
退役军人,8
下沉,8
覆盖面,8
个人,8
老年人,8
托育,8
文化遗产,8
监督,8
不少,8
没有,8
3%,8
同步,8
随着,8
有所,8
财政政策,8
财力,8
全部,8
减税,8
原则,8
国家级,8
技术改造,8
产权,8
多元,8
公平,8
沿边,8
服务平台,8
跟着,8
增量,8
职业技能,8
涉企,8
全力,8
经验,8
生猪,8
公路,8
牢牢,8
机构,8
香港,8
澳门,8
能源安全,8
抗疫,8
减负,8
补贴,8
保障体系,8
更大,8
各位,7
迈出,7
亿美元,7
密切,7
推出,7
合力,7
发力,7
优惠政策,7
利率,7
流动性,7
汇率,7
宣传,7
全方位,7
内需,7
充电,7
办法,7
投放,7
高技术,7
价值,7
青年,7
石化,7
加速,7
增加值,7
典型,7
坚定不移,7
全面实施,7
国有,7
发展壮大,7
设立,7
施策,7
水利,7
垄断,7
分区,7
销售,7
丝路,7
流程,7
扩大开放,7
经贸合作,7
签署,7
世界贸易组织,7
便利化,7
易地,7
就近,7
协作,7
拓宽,7
欠发达,7
特色产业,7
运动,7
东部,7
强大,7
红线,7
集约,7
转变,7
10,7
PM,7
面积,7
首批,7
抽水,7
蓄能,7
节水,7
包装,7
黑土地,7
化肥,7
走廊,7
六是,7
灾害,7
返乡,7
工伤保险,7
结算,7
租赁,7
福祉,7
体育,7
社区,7
收缩,7
外部环境,7
不确定性,7
具有,7
劳动者,7
意义,7
这一,7
5.5%,7
物价,7
更为,7
利用外资,7
配合,7
增效,7
赤字,7
时期,7
高端,7
良性循环,7
企业家,7
多元化,7
丝绸之路,7
收购价,7
食物,7
土地,7
退化,7
老旧,7
气候变化,7
减排,7
土壤污染,7
大规模,7
多样性,7
交易市场,7
回收,7
快递,7
石油,7
工资,7
高等教育,7
残疾人,7
做到,7
十九,7
改革开放,7
定位,7
第一,7
政务,7
阶段,7
医保,7
制约,7
代表,6
开局,6
学习,6
基调,6
胜利,6
上涨,6
明确,6
税费,6
便利,6
广义,6
供应量,6
餐饮,6
投向,6
长效,6
川藏,6
102,6
截至,6
各地,6
长期贷款,6
创新型,6
顺利,6
卫星,6
机组,6
进步,6
人才培养,6
赋能,6
优势产业,6
钢铁,6
产业布局,6
标杆,6
航天,6
北斗,6
航道,6
机场,6
破解,6
毫不动摇,6
针对性,6
第三,6
供热,6
多边,6
博览会,6
以工代赈,6
务工,6
支配,6
多种,6
现代农业,6
有机,6
万个,6
技术装备,6
县级,6
人居,6
水体,6
疏解,6
第二批,6
十年,6
断面,6
联通,6
边境,6
超大,6
特大城市,6
双城,6
经济圈,6
12,6
召开,6
保卫战,6
塑料,6
化石,6
双控,6
省区,6
园区,6
核电,6
储能,6
梯度,6
党政,6
同责,6
责任制,6
补助,6
产供,6
电源,6
输电,6
矿产资源,6
卡脖子,6
再造,6
规模化,6
高风险,6
严重,6
专精,6
特新,6
入乡,6
技能,6
以下,6
公立医院,6
耗材,6
社会保险,6
伤害,6
分层,6
新版,6
人口老龄化,6
增进,6
友好城市,6
文化公园,6
一定,6
上述,6
增多,6
意愿,6
隐患,6
弱项,6
机遇,6
超大规模,6
集中力量,6
大事,6
局面,6
中国式,6
复兴,6
处于,6
长远,6
涨幅,6
中等,6
努力,6
粮食产量,6
倾斜,6
降费,6
传导,6
生产力,6
转化,6
知识产权,6
智能化,6
场景,6
流动,6
国际化,6
沿江,6
贯通,6
场所,6
200,6
更新,6
盘活,6
相结合,6
平等,6
法规,6
良好环境,6
征程,6
稻谷,6
粮食市场,6
草原,6
休闲,6
五年,6
集体,6
繁荣,6
事项,6
筑牢,6
屏障,6
小区,6
十大,6
农资,6
电煤,6
履约,6
政策性,6
多渠道,6
学科专业,6
实训,6
待遇,6
学校,6
四个,6
至上,6
药物,6
直达,6
特殊,6
大幅,6
波动,6
税收,6
多措,6
类型,6
做法,6
工程项目,6
载体,6
原材料,6
学前教育,6
普惠性,6
经济体,6
难度,6
各方,6
输入,6
用来,6
正确认识,6
委员,5
批准,5
决定性,5
坚实,5
分析,5
灾后,5
重建,5
余额,5
一致性,5
减免,5
零售额,5
新机制,5
不动产,5
投资信托,5
REITs,5
推介,5
顶层,5
试验,5
接续,5
量子,5
国产,5
上线,5
工业化,5
补链,5
滚动,5
基准,5
稳步增长,5
连续,5
路段,5
堵点,5
正当竞争,5
各种,5
具体,5
深圳,5
授权,5
现货,5
容量,5
联动机制,5
首次,5
管道,5
公共数据,5
开发利用,5
国防,5
动员,5
限制,5
竞争,5
电子商务,5
30,5
稳中,5
若干,5
新疆,5
辐射,5
对外,5
双边,5
太平洋,5
多边贸易,5
参加,5
东西部,5
示范园,5
产业园,5
1.5,5
加工,5
普及率,5
处理,5
改厕,5
三级,5
首都,5
面源,5
禁渔,5
冰雪,5
初步,5
主产区,5
新格局,5
山水,5
大会,5
土壤,5
绿化,5
核算,5
高耗能,5
低水平,5
年度,5
废旧,5
单产,5
盐碱地,5
品种,5
勘探,5
增储,5
上产,5
北方,5
储运,5
支点,5
互联网,5
房企,5
保交楼,5
拖欠,5
账款,5
个人所得税,5
最低工资,5
退休,5
浙江,5
医用,5
带量,5
人数,5
职工基本,5
就医,5
减少,5
普惠托育,5
排放量,5
叠加,5
面对,5
奋斗,5
改变,5
带来,5
兼顾,5
1200,5
人群,5
预计,5
生产能力,5
先立,5
起来,5
财政支出,5
效率,5
进程,5
信贷,5
适应,5
前瞻性,5
认真,5
材料,5
超前,5
多样化,5
沿海,5
投融资,5
内生,5
障碍,5
约束,5
进入,5
商签,5
生效,5
东盟,5
倡议,5
纵深,5
小麦,5
劳务,5
天津,5
能级,5
资源型,5
市县,5
北部湾,5
排污口,5
源头,5
保护地,5
突发,5
工作力度,5
定价,5
特高压,5
上网,5
储加销,5
中长期,5
加固,5
医学中心,5
依托,5
中华民族,5
第二个,5
奋斗目标,5
丰硕,5
打赢,5
局部,5
病毒,5
必要,5
增值税,5
零售,5
困难群众,5
见效,5
第二,5
白鹤,5
综合性,5
科技型,5
获得,5
国企改革,5
扶贫,5
优良,5
招生,5
不断加强,5
放缓,5
下行,5
必须,5
可以,5
研判,5
审批,5
合法权益,5
推行,5
伟大,5
扩张,5
给予,5
小微,5
委员会,4
外部,4
外汇储备,4
跟踪,4
预研,4
强弱,4
三保,4
下调,4
中期,4
规定,4
有效性,4
关切,4
摆在,4
位置,4
车辆,4
消费者,4
零售总额,4
网上,4
资本金,4
水网,4
固定资产,4
农户,4
8.1%,4
举国体制,4
育种,4
2030,4
论坛,4
发射,4
飞机,4
计算,4
首个,4
集成电路,4
100%,4
中试,4
蓬勃发展,4
重组,4
里程,4
万公里,4
高速公路,4
普通,4
市域,4
通信,4
宽带,4
反垄断,4
互认,4
纠正,4
国有经济,4
竞争性,4
管理体制,4
输配电,4
上下游,4
组建,4
成立,4
中老,4
通达,4
交易会,4
展会,4
18,4
加入,4
宜居,4
分布式,4
总额,4
多个,4
认定,4
第三批,4
国际贸易,4
文化产业,4
农村公路,4
90%,4
黑臭,4
畜禽,4
惠民,4
协调性,4
优势互补,4
行政,4
尾矿库,4
横琴,4
放开,4
环境污染,4
贵州,4
经济区,4
转换,4
内陆,4
平原,4
双向,4
督察,4
落户,4
常住人口,4
林田湖,4
草沙,4
蓝天,4
碧水,4
净土,4
颗粒物,4
浓度,4
地表水,4
荒漠化,4
原料,4
氢能,4
装机,4
化发展,4
供水管,4
网漏,4
万元,4
废旧物资,4
过度,4
法治,4
新高,4
粮油,4
作物,4
增产,4
油料,4
扩种,4
永久,4
基本农田,4
挖掘,4
时段,4
农机,4
稳链,4
储销,4
产量,4
铁矿石,4
宁波,4
舟山,4
急需,4
软件,4
生活必需品,4
套房,4
食品药品,4
防洪,4
实事,4
爱国卫生,4
进一步提高,4
异地,4
低保,4
银发,4
服务设施,4
过剩,4
民用,4
地缘,4
洪涝,4
自然灾害,4
艰巨,4
繁重,4
成绩,4
各族人民,4
过程,4
看到,4
上升,4
积累,4
深层次,4
依然,4
一个,4
特大事故,4
共同,4
有望,4
有利条件,4
始终,4
激烈,4
深刻,4
发展中国家,4
符合,4
匹配,4
成长,4
留有,4
回归,4
促稳,4
兜牢,4
稳中有降,4
工具箱,4
宏观经济,4
前瞻,4
基础学科,4
前沿技术,4
管理机制,4
紧密,4
高端化,4
影响力,4
数据中心,4
多式,4
联运,4
系统集成,4
停车,4
实物,4
规章,4
规范性,4
财税,4
公转,4
防护,4
打通,4
战略规划,4
海运,4
互联互通,4
法律,4
十国集团,4
亚太经合组织,4
金砖,4
亿斤,4
种粮,4
积极性,4
保障机制,4
利益,4
践行,4
报酬,4
康养,4
助力,4
村庄,4
第二轮,4
集体经济,4
一揽子,4
继续加强,4
全面完成,4
各级,4
中游,4
周边,4
程度,4
老化,4
空气质量,4
无废,4
法律法规,4
事件,4
风光,4
电站,4
废弃物,4
指标,4
水价,4
不同,4
差别化,4
公积金,4
口径,4
金融监管,4
金融市场,4
灌区,4
水利工程,4
现有,4
合同,4
集疏运,4
设置,4
分配制度,4
扩面,4
调整机制,4
护理,4
保险制度,4
社保,4
医养,4
负担,4
普查,4
服务质量,4
大城市,4
爱国者,4
意识,4
自觉,4
作出,4
党和国家,4
六稳,4
六保,4
生命,4
诊疗,4
聚集,4
重症,4
调度,4
通胀,4
财政资金,4
缓解,4
物价上涨,4
商品价格,4
区间,4
更新改造,4
水电站,4
投产,4
下乡,4
一号,4
振作,4
监审,4
自由化,4
RCEP,4
第三方,4
社会化,4
管护,4
科创,4
快速,4
边境地区,4
海域,4
河流,4
极端,4
发现,4
前提,4
双创,4
国民,4
更趋,4
小康社会,4
重大成就,4
年均,4
采取,4
绝对,4
高位,4
天气,4
实践,4
科技攻关,4
宏观,4
分级,4
加大力度,4
建设项目,4
基础性,4
电子,4
产销,4
玉米,4
棉花,4
湿地,4
调峰,4
承接,4
1100,4
中国政府,3
新华社,3
日电,3
全国人民代表大会,3
委托,3
现将,3
提请,3
十四届,3
转段,3
二十,3
二中全会,3
认真执行,3
一次,3
财政经济委员会,3
前进,3
5.2%,3
CPI,3
走势,3
国债,3
优惠,3
多增,3
废止,3
解读,3
回应,3
热点,3
讲好,3
故事,3
明显增强,3
贡献率,3
20,3
购置税,3
放大,3
用作,3
用海,3
环评,3
原始,3
策源,3
科研院所,3
揭榜,3
挂帅,3
神舟,3
研制,3
载人,3
探测,3
境内,3
发明专利,3
数量,3
400,3
1000,3
符合条件,3
母机,3
制度性,3
紧缺,3
培养,3
煤化工,3
年版,3
新一代,3
信息技术,3
生物医药,3
航空,3
发射场,3
销量,3
案例,3
高速铁路,3
主通道,3
公路网,3
国道,3
内河,3
高等级,3
支线,3
轨道交通,3
移动,3
执法,3
指标体系,3
市场监管,3
外资企业,3
电信,3
公用事业,3
业务,3
一张,3
60%,3
到位,3
取消,3
国际经贸,3
开辟,3
第三届,3
高峰论坛,3
小而美,3
雅万,3
涌现,3
欧洲,3
25,3
开行,3
万列,3
运送,3
万标箱,3
非金融,3
外资项目,3
开放平台,3
120,3
五个,3
吸纳,3
对口,3
定点,3
车间,3
自来水,3
收运,3
行政村,3
粪污,3
空间体系,3
化工,3
走深,3
走实,3
湘鄂赣,3
洞庭湖,3
山东,3
新旧,3
凸显,3
逐步完善,3
行政区,3
功能定位,3
修编,3
边界,3
户籍制度,3
子女教育,3
享受,3
城镇化率,3
碳循环,3
第一批,3
地级,3
万平方公里,3
能源消耗,3
转向,3
减污降,3
沙漠,3
戈壁,3
荒漠,3
建筑,3
盲目,3
100,3
固废,3
总产量,3
吞吐,3
种质,3
能源供应,3
原油,3
初级产品,3
矿山,3
数据安全,3
联网,3
因城,3
集团,3
特种设备,3
百万,3
事业单位,3
差距,3
疾控,3
乙类,3
乙管,3
肺炎,3
传染病,3
高值,3
租房,3
超额完成,3
老年,3
公益性,3
长城,3
大运河,3
长征,3
中华文明,3
探源,3
博物馆,3
进社区,3
交织,3
加剧,3
异常,3
全党全国,3
变局,3
演进,3
严峻性,3
难题,3
并存,3
和平,3
变革,3
正在,3
积极开展,3
趋势,3
创造性,3
两难,3
多难,3
国际竞争,3
和量,3
客观,3
这个,3
着眼,3
具备,3
决心,3
翘尾,3
力争,3
保护主义,3
保持稳定,3
替代,3
稳是,3
方向,3
年初,3
用于,3
严肃,3
财经纪律,3
党政机关,3
紧日子,3
双重,3
避免,3
稳定性,3
关注,3
微观,3
透明,3
新质,3
高新区,3
产学研,3
联合体,3
科技成果,3
一体,3
服务水平,3
推广应用,3
品质,3
东数,3
西算,3
高品质,3
前期工作,3
千兆,3
关键作用,3
稳定增长,3
以旧换新,3
老字号,3
全过程,3
尽快,3
工作量,3
管理体系,3
立法,3
优秀,3
绿电,3
复制,3
激励,3
来源,3
适时,3
开发区,3
海湾,3
港航,3
万村,3
播种面积,3
省际,3
森林,3
公益,3
一二三,3
产业结构,3
自然村,3
乡镇,3
小型,3
整县,3
延长,3
稳慎,3
经营性,3
入市,3
宅基地,3
新型农村,3
平安,3
滨海新区,3
先导,3
市民化,3
进城,3
承载能力,3
城市更新,3
归集,3
绿水青山,3
就是,3
金山,3
银山,3
湖泊,3
水源,3
固体废弃物,3
状况,3
妥善,3
建筑节能,3
计量,3
抓紧,3
消纳,3
属地,3
信贷政策,3
平急,3
两用,3
所有,3
严厉打击,3
非法,3
保护法,3
全面落实,3
产购,3
仓储,3
准备,3
水库,3
尽力而为,3
量力而行,3
急难,3
足额,3
居家,3
养育,3
中医,3
疾病,3
办学条件,3
学科,3
办学,3
文物,3
菜篮子,3
猪肉,3
肉蛋,3
主销,3
一国两制,3
方针,3
交流,3
港澳,3
台湾,3
方略,3
九二,3
共识,3
反对,3
团结,3
周围,3
确立,3
自信,3
接受,3
听取,3
建议,3
攻坚克难,3
努力完成,3
贡献,3
15,3
历次,3
全会精神,3
十三届,3
稳住,3
有关,3
隔离,3
保通,3
保畅,3
限度,3
策略,3
针对,3
价格指数,3
缓税,3
留抵,3
缓缴,3
信用贷款,3
挂钩,3
口粮,3
运转,3
开发性,3
金融工具,3
贴息,3
集装箱,3
码头,3
上市,3
新开工,3
征收,3
绿色建材,3
着力点,3
放在,3
交付,3
空间站,3
新台阶,3
大中小企业,3
融通,3
壁垒,3
电子化,3
一网通,3
违规,3
通关,3
全岛,3
封关,3
运作,3
细化,3
实化,3
厕所,3
进行,3
全面实现,3
长江流域,3
固体废物,3
二氧化碳,3
盲目发展,3
领跑者,3
海水,3
淡化,3
库存,3
干旱,3
紧张,3
识别,3
可控,3
互利,3
中小银行,3
创业园,3
普通高中,3
高中,3
支柱,3
市民,3
青年人,3
万亿美元,3
如期,3
幸福感,3
安全感,3
在于,3
之变,3
暴露,3
仍待,3
供求,3
大气,3
现象,3
道路,3
建强,3
价格上涨,3
这是,3
上下,3
审慎,3
规律,3
汇聚,3
难事,3
急事,3
丰富,3
自己,3
传播,3
带薪休假,3
直播,3
混合,3
公正,3
行业协会,3
商会,3
畜牧业,3
规模性,3
江西,3
宁夏,3
WTO,3
CPTPP,3
DEPA,3
G20,3
APEC,3
倡导,3
消除,3
臭氧,3
河入海,3
立足,3
房子,3
不是,3
反弹,3
严控,3
特殊教育,3
孤儿,3
第一个,3
建党,3
外防,3
充足,3
年底,3
亿剂,3
无序,3
大中型,3
70%,3
中共中央,3
国内形势,3
低于,3
还有,3
弹性,3
致贫,3
援助,3
13,2
第十四届,2
顶住,2
优化结构,2
圆满完成,2
0.2%,2
组合,2
打出,2
组合拳,2
管用,2
共促,2
对小微,2
增发,2
迫切,2
3.8,2
存款,2
准备金率,2
年期,2
0.2,2
0.1,2
支农,2
有悖于,2
过半,2
舆论,2
光明,2
家居,2
电子产品,2
出游,2
城中村,2
其他,2
公开,2
3.0%,2
10.3%,2
9.4%,2
不断涌现,2
赛马,2
火箭,2
C919,2
首艘,2
首台,2
16,2
海上,2
高温,2
夸父,2
万件,2
创业投资,2
21,2
有色,2
建材,2
电动,2
产销量,2
位居,2
首位,2
新车,2
30%,2
辅助,2
网络化,2
八纵,2
八横,2
建成投产,2
主线,2
等级,2
世界级,2
领先,2
第五代,2
光纤网络,2
难点,2
妨碍,2
强烈,2
诉求,2
上海浦东新区,2
赋予,2
自主权,2
独立,2
核定,2
股票,2
注册,2
数据管理,2
防空,2
人防,2
新篇章,2
23,2
领导人,2
来自,2
来华,2
中亚,2
开通,2
疾控中心,2
成效显著,2
伙伴国,2
18%,2
2.8%,2
十周年,2
万辆,2
内外贸,2
国际航班,2
中外,2
往来,2
金额,2
宜业,2
支援,2
万户,2
2000,2
集聚,2
新创建,2
龙头企业,2
村镇,2
精品,2
线路,2
寄递,2
服务站,2
积分,2
以人为本,2
企事业,2
南沙,2
河套,2
一线,2
内蒙古,2
五大,2
豫皖,2
海峡两岸,2
新路,2
实力,2
腹地,2
横向,2
中下游,2
区域合作,2
24,2
批复,2
总体规划,2
比上,2
减污,2
扩绿,2
主场,2
微克,2
立方米,2
重金属,2
排污,2
许可,2
以竹代塑,2
水土保持,2
三北,2
及分,2
生物质能,2
总装机,2
十三,2
气候,2
非常规,2
退役,2
有色金属,2
安全观,2
思维,2
保障法,2
再创,2
大面积,2
划定,2
控制线,2
测试,2
高峰期,2
调节性,2
调配,2
响应,2
持续增长,2
标准化,2
巡查,2
洪涝灾害,2
甘肃,2
地震,2
一老,2
一小,2
招聘,2
家门口,2
缩小,2
婴幼儿,2
照护,2
附加,2
一次性,2
上调,2
最低标准,2
病毒感染,2
边缘,2
基础教育,2
殡葬,2
考古,2
遗址,2
名录,2
户外运动,2
嵌入式,2
员工,2
稳中有升,2
不及,2
导致,2
过去,2
政治,2
冲突,2
周期性,2
复杂性,2
多年,2
来之不易,2
不懈,2
正确,2
人大代表,2
很多,2
动荡,2
有待,2
新兴,2
不容乐观,2
正视,2
坚定信心,2
各国,2
重塑,2
政治经济,2
注入,2
最为,2
干事,2
只要,2
善于,2
主要矛盾,2
行稳,2
致远,2
中华人民共和国,2
伟业,2
估计,2
内外部,2
5%,2
涨价,2
企稳,2
余地,2
既有,2
付出,2
扰动,2
关系,2
减损,2
2.5%,2
正常,2
设定,2
谨慎,2
额度,2
撬动,2
留出,2
思路,2
瞄准,2
高地,2
科学普及,2
科学素养,2
扩量,2
工艺,2
东中西部,2
低空,2
引擎,2
高性能,2
稀土,2
收益分配,2
专业化,2
延伸,2
安全可靠,2
专用线,2
三峡,2
水运,2
光网,2
潜能,2
增长点,2
商圈,2
守正,2
信易贷,2
推荐,2
经济体制,2
资源配置,2
部际,2
对待,2
无人,2
地方税,2
金融体制,2
能源价格,2
成品油,2
合规,2
管理条例,2
两种,2
引资,2
八项,2
海合会,2
铁路运输,2
空中,2
涉外,2
经贸关系,2
自贸区,2
3.0,2
抓手,2
办成,2
可及,2
种植,2
种子,2
高产,2
油菜,2
牛羊肉,2
养殖,2
食品,2
联农带,2
提档,2
3000,2
露营,2
地理,2
标志,2
建制,2
单元,2
规范化,2
农村土地,2
承包,2
到期,2
路径,2
比较,2
资源整合,2
沿黄,2
构筑,2
崛起,2
沿线,2
对全,2
固链,2
平潭,2
实验区,2
精细化,2
联合攻关,2
搭建,2
兴边,2
富民,2
稳边,2
固边,2
技术标准,2
随迁,2
关心,2
中线,2
电子信息,2
关中平原,2
地下,2
无障碍,2
为主,2
挥发性,2
有机物,2
河湖,2
地下水,2
上游,2
战役,2
石漠化,2
两级,2
统计,2
公布,2
温室,2
气体,2
数据库,2
封存,2
市场导向,2
论证,2
核电机组,2
能水粮,2
地矿,2
再生资源,2
大力开展,2
标本兼治,2
传递,2
一视同仁,2
因城施,2
策用,2
足用,2
在建,2
相适应,2
化险,2
补充,2
活跃度,2
外汇市场,2
公共安全,2
检测,2
互济,2
煤制油,2
迎峰,2
度夏,2
直属,2
易发,2
房屋,2
农房,2
抗震,2
妥善安置,2
受灾,2
滞洪区,2
调水,2
气象,2
国防科技,2
积极支持,2
兜住,2
机关,2
国企,2
产训,2
歧视,2
财产性,2
努力提高,2
初次,2
薪酬,2
按时,2
扎牢,2
筹资,2
医疗保障,2
建设工程,2
减轻,2
医共体,2
儿科,2
老年医学,2
独特,2
大学,2
中华,2
创新性,2
建好,2
哲学,2
社会科学,2
普及,2
关爱,2
市长,2
负责制,2
蔬菜,2
城郊,2
大仓,2
港人治港,2
澳人治澳,2
高度,2
自治,2
治港,2
治澳,2
国际金融,2
航运,2
国际航空,2
商贸,2
中华文化,2
台独,2
分裂,2
行径,2
外来,2
势力,2
干涉,2
两岸关系,2
任务艰巨,2
责任重大,2
领悟,2
新闻,2
五次,2
审议,2
第九版,2
经受,2
武汉,2
以来,2
考验,2
迅速,2
果断,2
流行,2
养老院,2
福利,2
11,2
涉疫,2
平凡,2
生命安全,2
身体健康,2
人类,2
奇迹,2
巨大,2
反复,2
延宕,2
乌克兰,2
危机,2
40,2
保证,2
3.65,2
结存,2
17.1%,2
两次,2
缓费,2
2%,2
利息,2
期货,2
用电,2
用气,2
江苏,2
小洋,2
北侧,2
燃气管,2
5.1%,2
9.1%,2
缺口,2
减半,2
免征,2
接触性,2
物流业,2
指数,2
排名,2
市场经济,2
购置,2
客机,2
飞船,2
万吨级,2
乙烯,2
节点,2
总数,2
层次,2
违背,2
顺利完成,2
梳理,2
联系点,2
绿电绿证,2
油品,2
通办,2
查处,2
乱收费,2
乱罚款,2
乱摊派,2
增设,2
150,2
32,2
多份,2
中巴,2
中蒙,2
大桥,2
匈塞,2
备忘录,2
联合,2
项目风险,2
第三次,2
保护性,2
耕作,2
万亩,2
规模经营,2
农业产业,2
强镇,2
160,2
农村卫生,2
村村通,2
覆盖率,2
95%,2
四好,2
便捷,2
村落,2
整改,2
水域,2
空间布局,2
专项规划,2
毫米,2
降水,2
西侧,2
区域保护,2
三区,2
三线,2
环境治理,2
亿吨,2
内地,2
旗舰,2
天数,2
比率,2
87.9%,2
降至,2
灵活性,2
三改,2
亿千瓦,2
大力推广,2
磋商,2
单列,2
垃圾处理,2
贯穿,2
合理安排,2
跨区,2
西南,2
供电,2
达产,2
进度,2
打击,2
负债表,2
返还,2
扩岗,2
孵化,2
担保,2
租金,2
九年,2
巩固率,2
入学率,2
本专科,2
研究生,2
校外,2
劳动,2
购并,2
文物保护,2
场地设施,2
支撑体系,2
器具,2
优抚,2
变异,2
由于,2
许多,2
2017,2
万美元,2
平均水平,2
上规模,2
历史性,2
稳居,2
深海,2
导航,2
铁路网,2
发达,2
创造力,2
全局性,2
14.1%,2
明显改善,2
倍加,2
珍惜,2
彰显,2
团结奋斗,2
前行,2
与此同时,2
预料,2
转弱,2
三重,2
总需求,2
市场竞争,2
零部件,2
卡点,2
财政收支,2
不稳固,2
此外,2
形式主义,2
官僚主义,2
一刀切,2
脱离实际,2
基本面,2
精神力量,2
一切,2
好转,2
开好局,2
起好步,2
观念,2
抓实,2
抓细,2
提高质量,2
偏差,2
可靠性,2
统筹兼顾,2
虽然,2
经过,2
在城镇,2
坚实基础,2
设为,2
连续性,2
必然,2
今年,2
市场供应,2
稳字,2
当头,2
优化组合,2
率拟,2
从严,2
一般性,2
名义,2
期限,2
产业政策,2
狠抓,2
补强,2
锻造,2
医疗机构,2
用药,2
市场秩序,2
积聚,2
知识,2
环境卫生,2
购买,2
采取有效,2
即时,2
年拟,2
银行,2
数据共享,2
川藏公路,2
G318,2
城际,2
长板,2
开源,2
迭代,2
航空航天,2
产权制度,2
国资,2
国有资本,2
产权保护,2
结合实际,2
率先,2
证照,2
企业信用,2
分类管理,2
重心,2
燃气,2
优先发展,2
区要,2
下滑,2
价格政策,2
食糖,2
万企兴,2
产地,2
农林,2
病险,2
除险,2
防汛,2
物流配送,2
沿海地区,2
国际航运,2
联防,2
控水,2
先试,2
人为,2
海港,2
临港,2
片区,2
国民待遇,2
核心区,2
全面推行,2
污水处理,2
农用地,2
减量化,2
节奏,2
碳汇,2
住房供给,2
预案,2
跨部门,2
运力,2
网络安全,2
和谐,2
不合理,2
秩序,2
慈善事业,2
民办教育,2
大力支持,2
大病,2
保障制度,2
违法,2
交往,2
台湾同胞,2
创造性地,2
中国共产党,2
进军,2
总结,2
内防,2
清零,2
全程,2
助企纾困,2
1.2,2
预留,2
降准,2
再贴现,2
大众,2
万众,2
电力供应,2
幅度,2
节约用电,2
负债,2
国内外,2
十年规划,2
科技体制,2
原料药,2
仪器,2
PPP,2
雅鲁藏布江,2
下游,2
水路,2
抵边,2
资金投入,2
供养,2
种源,2
粤澳,2
总体方案,2
深港,2
浦东新区,2
鼓励类,2
河南,2
临空,2
小镇,2
通车,2
放管服,2
登记,2
亿户,2
交易所,2
厨余,2
加价,2
博会,2
第二阶段,2
股权,2
林区,2
两高,2
营养,2
三孩,2
住院费用,2
工伤,2
职工,2
净流入,2
自然遗产,2
老龄,2
妇女儿童,2
福利制度,2
这些,2
趋紧,2
散发,2
受到,2
短缺,2
矿产,2
十分,2
大盘,2
迎接,2
途径,2
依靠,2
艰苦,2
各项政策,2
期内,2
苗头,2
定向,2
势头,2
消费税,2
收集,2
教师,2
决定,2
节假日,2
感染,2
__,1
第二次,1
二次,1
主题,1
克服,1
内部,1
波浪式,1
曲折,1
GDP,1
126.06,1
1244,1
平均值,1
32379.77,1
固本,1
培元,1
一套,1
批次,1
一系列,1
效果,1
2.2,1
一般,1
27.46,1
5.4%,1
先后,1
公开市场,1
操作,1
借贷,1
MLF,1
报价,1
LPR,1
0.29,1
充分运用,1
支小,1
9.7%,1
9.5%,1
22.75,1
1.31,1
时间,1
阐释,1
解疑释惑,1
多角度,1
旗帜鲜明,1
唱响,1
111.4%,1
最终,1
82.5%,1
859.6,1
万台,1
20.0%,1
人次,1
花费,1
93.3%,1
140.3%,1
47.15,1
7.2%,1
15.43,1
11.0%,1
提振年,1
普通高校,1
学生宿舍,1
重大进展,1
17,1
特许,1
经营项目,1
投贷,1
6067,1
投资规模,1
5.97,1
推送,1
50.30,1
5.9%,1
6.5%,1
14.2%,1
33278.2,1
2.64%,1
6.65%,1
省份,1
脑科学,1
中关村,1
十六号,1
返航,1
十七号,1
首枚,1
液氧,1
甲烷,1
入轨,1
重复使用,1
首颗,1
高轨,1
合成孔径雷达,1
手机,1
直连,1
走进,1
奋斗者,1
潜水器,1
极限,1
深潜,1
邮轮,1
兆瓦,1
并网发电,1
首座,1
第四代,1
核电站,1
气冷,1
天眼,1
到纳,1
赫兹,1
引力波,1
证据,1
九章,1
三号,1
计算机,1
再度,1
刷新,1
光量子,1
世界纪录,1
祖冲之,1
401.5,1
四成,1
贷款额度,1
120%,1
初创期,1
激励机制,1
科技人才,1
45,1
5000,1
延链,1
升链,1
建链,1
公众,1
标配,1
持续上升,1
个性化,1
定制,1
15.9,1
4.5,1
拥挤,1
群等,1
反映,1
分割,1
数字证书,1
兼容,1
失信,1
原创,1
策源地,1
28,1
人力资源,1
发展局,1
职能,1
助企惠企,1
沟通交流,1
批量,1
电量,1
具备条件,1
转入,1
专用设备,1
安装,1
丰硕成果,1
秘书长,1
应邀出席,1
151,1
41,1
参会,1
458,1
峰会,1
元首,1
会晤,1
非洲,1
移交,1
鲁班,1
工坊,1
框架,1
217,1
1.7,1
190,1
6%,1
2240.9,1
28.4%,1
19.47,1
46.6%,1
41.76,1
491,1
跃居,1
电动汽车,1
锂电池,1
新三样,1
单方面,1
免签,1
互免,1
签证,1
1632.5,1
1301.3,1
11.4%,1
170,1
余项,1
个省,1
70,1
486,1
厄瓜多尔,1
尼加拉瓜,1
塞尔维亚,1
新加坡,1
议定书,1
效力,1
对象,1
99%,1
安全隐患,1
就业率,1
94%,1
250,1
余万,1
劳务输出,1
户用,1
500,1
户均,1
年收入,1
新春,1
金秋,1
帮助,1
4000,1
3396.9,1
农村居民,1
16396,1
8.4%,1
土特产,1
文章,1
产值,1
百亿元,1
139,1
认证,1
名特优新,1
粮食加工,1
1600,1
106,1
合作社,1
农场,1
万家,1
试点县,1
28.9,1
村级,1
利用率,1
78.3%,1
940,1
1496,1
接诉,1
村民,1
说事,1
新举措,1
总部,1
北京市,1
迁入,1
船舶,1
95.6%,1
职业资格,1
走向,1
突破口,1
二线,1
管住,1
涉水,1
广西,1
云南,1
西藏,1
援藏,1
援疆,1
动力源,1
跨域,1
成就,1
黄淮海平原,1
大通道,1
西电东,1
西气东,1
输等,1
海内外,1
东西,1
赣州,1
闽西,1
湘赣,1
大别山,1
新村,1
已经,1
城市化,1
详细,1
自然资源,1
范畴,1
严格执法,1
城市核心,1
个川,1
毗邻,1
分离,1
66.16%,1
0.94,1
第三轮,1
89.4%,1
6.3,1
72.5%,1
六期,1
1.26,1
35,1
推开,1
50%,1
年发电量,1
万亿千瓦时,1
投运,1
3100,1
万千瓦,1
260%,1
上马,1
建筑面积,1
77.7%,1
91.2%,1
工厂,1
暂行办法,1
名单,1
用水量,1
6.4%,1
家用电器,1
60,1
月饼,1
茶叶,1
生鲜,1
党委,1
考核办法,1
1.39,1
亩产,1
389.7,1
公斤,1
58.4%,1
三条,1
吉林,1
后备,1
春耕,1
用肥,1
农药,1
良种,1
繁育,1
农业机械,1
信息化,1
27.6%,1
期间,1
取暖,1
日趋完善,1
认房,1
认贷,1
首付,1
下限,1
偿还,1
事故隐患,1
事故,1
暴雨,1
临夏州,1
积石山,1
城市排水,1
防涝,1
十一,1
拓岗,1
见习,1
募集,1
扬帆,1
6.1%,1
赡养,1
老人,1
奖金,1
单独,1
计税,1
换购,1
3.8%,1
流感,1
支原体,1
10.66,1
2.44,1
3.02,1
惠及,1
亿人次,1
垫付,1
1536.7,1
731,1
房等,1
扩优,1
助餐,1
48,1
地市级,1
服务中心,1
三星堆,1
新馆,1
殷墟,1
汉魏,1
洛阳城,1
景德镇,1
陶瓷,1
普洱,1
景迈山古,1
茶林,1
文化景观,1
列入,1
世界遗产,1
成都,1
大运会,1
杭州,1
亚运会,1
残运会,1
回落,1
变乱,1
不利,1
多地,1
遭受,1
挑战性,1
少有,1
运筹帷幄,1
凝心,1
铸魂,1
勇于,1
担当,1
实干,1
笃行,1
团结一致,1
行使,1
权力,1
意见建议,1
政治协商,1
民主监督,1
参政议政,1
建言献策,1
乏力,1
经历,1
本身,1
接踵而至,1
包括,1
承压,1
摩擦,1
重复,1
过热,1
招工难,1
更要,1
谋发展,1
心愿,1
全球化,1
大势所趋,1
蕴藏,1
斐然,1
越来越,1
抢抓,1
高素质,1
众多,1
新动力,1
强于,1
不利因素,1
回旋余地,1
有以,1
全国上下,1
自觉性,1
主动性,1
精气神,1
趋利避害,1
化危,1
为机,1
能够,1
有利,1
立于不败之地,1
稳中有进,1
75,1
周年,1
切实增强,1
关键时期,1
对外部,1
增长速度,1
并非易事,1
共同努力,1
就业结构,1
变动,1
温和,1
保持一致,1
提法,1
成员国,1
节粮,1
降幅,1
工业用,1
以进,1
多出,1
抑制性,1
进是,1
进取,1
该立,1
积极主动,1
增效益,1
积极进取,1
实际效果,1
持平,1
4.06,1
1800,1
3.9,1
准备充分,1
开始,1
几年,1
价格水平,1
相匹配,1
沉淀,1
空转,1
内在,1
经济性,1
一并,1
同向,1
沟通,1
时机,1
提前量,1
冗余度,1
充实,1
后半程,1
十五,1
规划法,1
了解,1
感受,1
热点问题,1
两会,1
生产率,1
团队,1
集成,1
颠覆性,1
高原,1
科研,1
助残,1
承担,1
科研机构,1
国际交流,1
专利,1
降本,1
底层,1
依规,1
淘汰,1
落后,1
承载,1
体等,1
优做,1
通讯,1
医疗器械,1
高纯,1
稀土金属,1
永磁,1
抛光,1
生命科学,1
赛道,1
核聚变,1
资源管理,1
生产性,1
价值链,1
单制,1
一箱,1
补网,1
主骨架,1
立体,1
交通网,1
瓶颈,1
干支,1
通用,1
跨海,1
海陆,1
体系化,1
相互促进,1
限购,1
耐用,1
智能家居,1
文娱,1
体育赛事,1
国货,1
潮品,1
入境,1
集贸,1
农贸,1
效用,1
7000,1
牵引,1
综合信息,1
做强,1
主业,1
促进法,1
起草,1
联席会议,1
获取,1
涉及,1
发债,1
专注,1
细小,1
招商引资,1
海陆空,1
全空间,1
绿证,1
证书,1
顺畅,1
投标法,1
厦门,1
气热,1
环境要素,1
收费公路,1
司法,1
双循环,1
标高,1
质升量,1
信保,1
中间品,1
边境贸易,1
内外资,1
之外,1
外籍,1
义乌,1
阿拉伯,1
面向,1
东南亚,1
集结,1
国际联运,1
廉洁,1
结束,1
三农,1
千村,1
可感,1
实质性,1
重点县,1
田间管理,1
病虫害,1
黑龙江,1
高油,1
收益,1
农本,1
产销区,1
产粮,1
林地,1
江河湖海,1
套种,1
轮作,1
粮草,1
间作,1
农林牧,1
种养,1
旱作,1
奶业,1
资源库,1
深远,1
饮水,1
富农,1
扶助,1
实效,1
输出,1
携手,1
三品,1
一标,1
乡土,1
生态旅游,1
乡村人口,1
变化趋势,1
硬化,1
村通,1
配送,1
整省,1
林权,1
农垦,1
供销社,1
通州区,1
河北省,1
北三县,1
周边地区,1
一泓,1
清水,1
东北亚,1
向北,1
淮河,1
区科创,1
边疆地区,1
实施规划,1
突出位置,1
及其,1
家属,1
流动人口,1
升学考试,1
低且,1
中原,1
同城化,1
危旧房,1
住宅,1
维修,1
互补,1
氮氧化物,1
汾渭,1
大气污染,1
丹江口,1
库区,1
垃圾焚烧,1
遗留,1
全域,1
精心组织,1
三大,1
永定河,1
自然保护区,1
法典,1
分行业,1
省市,1
核查,1
年报,1
快报,1
急用,1
足迹,1
因子,1
自愿,1
覆盖范围,1
捕集,1
关键技术,1
技术推广,1
蒙西,1
大同,1
南等,1
能源开发,1
接纳,1
条件成熟,1
公平合理,1
组件,1
家具,1
节约用水,1
水产业,1
节水型,1
浪费,1
共振,1
预售,1
供求关系,1
发展趋势,1
房地产业,1
化债,1
严防,1
权责,1
一致,1
早期,1
公司,1
内控,1
银行资本,1
投资者,1
为本,1
占补,1
以补定,1
黑土,1
灌溉,1
盐碱,1
改良,1
有机质,1
灌排,1
中小型,1
选育,1
优良品种,1
仓容,1
产后,1
煤矿,1
省间,1
电力系统,1
外送,1
找矿,1
度冬,1
版次,1
运行状况,1
储备粮,1
中央政府,1
治本,1
本质,1
权威性,1
防洪工程,1
河道,1
堤防,1
北方地区,1
抗旱,1
预报,1
新域,1
工业体系,1
军队,1
兜准,1
零工,1
加快调整,1
产业工人,1
队伍,1
性别,1
年龄,1
学历,1
劳动收入,1
国民收入,1
劳动报酬,1
工资水平,1
织密,1
经办,1
友好,1
病房,1
全科,1
医生,1
专科,1
预防,1
寄宿制,1
精神文明,1
第四次,1
文化名城,1
街区,1
活态,1
新闻出版,1
广播,1
影视,1
文学艺术,1
档案,1
目的地,1
足球场,1
群众性,1
赛事,1
社区服务,1
冬春,1
奶类,1
主产地,1
集散地,1
批发市场,1
治港治澳,1
贸易中心,1
葡语,1
主流,1
共存,1
坚决贯彻,1
根本利益,1
同胞,1
不折不扣,1
雷厉风行,1
求真务实,1
善为,1
奋发有为,1
真抓实干,1
第一次,1
极为重要,1
描绘,1
宏伟蓝图,1
指明,1
前进方向,1
行动指南,1
风高浪,1
认真学习,1
防住,1
冬奥会,1
残奥会,1
因时,1
因势,1
不准,1
致病,1
力较,1
致死率,1
广泛,1
阻击战,1
赢得,1
宝贵时间,1
节日期间,1
陆路,1
收治,1
白名单,1
确保重点,1
阻断,1
二十条,1
十条,1
孕产妇,1
产品价格,1
违法行为,1
亿多,1
诊治,1
80,1
患者,1
短时间,1
打下,1
防疫,1
历程,1
文明史,1
走出,1
实践证明,1
判断,1
完全正确,1
认可,1
爆发,1
121,1
1206,1
单月,1
同比,1
2.0%,1
鲜明对比,1
31277,1
落实政策,1
督导,1
对超,1
财政赤字,1
3.37,1
限额,1
5029,1
9.71,1
减收增支,1
11.8%,1
9.6%,1
1.36,1
2.56,1
协同效应,1
4.2,1
2.4,1
7500,1
事业性,1
保证金,1
社保费,1
延期,1
1%,1
第四季度,1
运销,1
托底,1
两批,1
7400,1
2700,1
直流,1
陆域,1
平陆,1
运河,1
南水北调,1
引江,1
补汉,1
780,1
5.25,1
57.21,1
弥补,1
乘用车,1
688.7,1
93.4%,1
渗透率,1
25.6%,1
住宿,1
回暖,1
43.97,1
13.79,1
物流园区,1
领导小组,1
大动脉,1
微循环,1
物资供应,1
大关,1
2.55%,1
适用,1
型号,1
合格证,1
首架,1
ARJ21,1
百架,1
十四号,1
十五号,1
太阳,1
渔业,1
工船,1
电磁,1
弹射,1
航母,1
下水,1
化工品,1
迈上,1
确权,1
上云用,1
数赋,1
基站,1
88.7,1
231.2,1
110,1
通报,1
产权交易,1
代理,1
购电,1
施工,1
相符,1
热带雨林,1
洋浦,1
枢纽港,1
扩建工程,1
洽谈会,1
42.1,1
7.7%,1
5.98,1
12.9%,1
1891,1
可比,1
8%,1
三国,1
黑河,1
同江,1
哈萨克斯坦,1
谅解,1
6.5,1
600,1
2018,1
收官,1
丰收,1
13731,1
夏收,1
油菜籽,1
总产,1
三增,1
8300,1
酸化,1
盐碱化,1
动植物,1
托管,1
代耕,1
代种,1
外包,1
达标,1
合格,1
危房改造,1
每个,1
主导产业,1
3278,1
133,1
助推,1
产品销售,1
出发,1
73%,1
87%,1
第六批,1
战略部署,1
央企,1
津冀,1
轨道,1
贯彻实施,1
入河,1
G60,1
沪宁,1
压舱,1
稳步发展,1
多规,1
合一,1
2.07,1
粗钢,1
超低,1
入海,1
入选,1
86.5%,1
29,1
3.3%,1
0.7%,1
中长距离,1
货物运输,1
0.8%,1
沙姆沙伊赫,1
0.1%,1
水产品,1
水效,1
遴选,1
缺水,1
逐步提高,1
工业生产,1
总值,1
试行,1
购销,1
高层次,1
有效率,1
钾肥,1
峰度,1
冬等,1
停运,1
出力,1
受阻,1
华东,1
华中,1
探明储量,1
供气,1
供暖,1
签订,1
集资,1
3500,1
借款,1
受困,1
劳有所得,1
病有所医,1
老有所养,1
扶上,1
用力,1
大幅提高,1
4961,1
离校,1
2.9%,1
学前,1
95.5%,1
91.6%,1
1130,1
美育,1
起步,1
全面铺开,1
省会,1
10.53,1
2.38,1
2.91,1
扩围,1
筹集,1
265,1
万套,1
发掘,1
不断丰富,1
营地,1
康复,1
社会福利,1
褒扬,1
迈向,1
总的看,1
应变,1
克难,1
复杂多变,1
展现出,1
伴随,1
失衡,1
通货膨胀,1
高企,1
外溢,1
这样,1
寻常,1
多重,1
攻克,1
事关,1
要事,1
举世瞩目,1
消费市场,1
货物贸易,1
经济总量,1
跃上,1
年来,1
高于,1
同期,1
2.3%,1
8800,1
多美元,1
1.27,1
门槛,1
距离,1
暴发,1
明确提出,1
4.5%,1
领先水平,1
最强,1
贫困人口,1
832,1
贫困县,1
摘帽,1
贫困,1
探月,1
超级,1
诸多,1
突破性,1
17%,1
谷物,1
自给,1
农副产品,1
稳产高产,1
10.6%,1
7.9%,1
拉动力,1
大兴,1
泊位,1
通航,1
公有制,1
非公有制,1
日益,1
深入人心,1
转折性,1
27.5%,1
67.9%,1
1275,1
住房条件,1
背景,1
殊为,1
不易,1
值得,1
根本,1
勇毅,1
正以,1
前所未有,1
展开,1
处在,1
博弈,1
遭遇,1
紧缩,1
累积,1
减弱,1
牢固,1
偏弱,1
较强,1
关键设备,1
稳产,1
粮价,1
偏紧,1
跨国,1
关联性,1
亟待,1
犹存,1
形势严峻,1
仍存,1
市场需求,1
不振,1
弱化,1
中多,1
短期,1
长期趋势,1
有些,1
直面,1
应该,1
生存力,1
物质基础,1
发展前景,1
广阔,1
前途,1
总书记,1
全党,1
掌舵,1
领航,1
众志成城,1
完全,1
战胜,1
艰难险阻,1
阔步,1
物价工作,1
六个,1
斗争,1
总结经验,1
力保,1
重大成果,1
以质取胜,1
以质,1
开拓市场,1
量变,1
质变,1
动态平衡,1
全局,1
及时发现,1
有悖,1
以我为主,1
当前工作,1
思考,1
今后,1
发达国家,1
长期保持,1
续写,1
两大,1
信号,1
现阶段,1
加倍努力,1
齐心协力,1
1158,1
工农业,1
力气,1
经过努力,1
争取,1
强调,1
提效,1
3.88,1
5100,1
现行,1
1500,1
消费信贷,1
坚守,1
基石,1
遵循,1
科教兴国,1
前沿,1
引进,1
学科建设,1
用活,1
少子,1
时效性,1
尽早,1
预测,1
舆情,1
四方,1
盯紧,1
夏季,1
秋冬季,1
紧急,1
接种率,1
转诊,1
辖区,1
山区县,1
民宿,1
酒店,1
轻重缓急,1
顺序,1
福利院,1
备足,1
空巢,1
失独,1
连锁,1
药店,1
投送,1
检查,1
储存,1
广大,1
掌握,1
养成,1
卫生习惯,1
责任人,1
清脏,1
治乱,1
大扫除,1
病媒,1
孳生地,1
分流,1
公立,1
服务网络,1
医药卫生,1
疫病,1
中西医,1
心理健康,1
拉动,1
顺应,1
内容,1
精良,1
结构合理,1
公路沿线,1
交通枢纽,1
场站,1
居住区,1
予以,1
短途,1
周边游,1
沉浸,1
交互式,1
购物,1
体验,1
商店,1
景区,1
商场,1
知名度,1
国潮,1
安心,1
放心,1
6800,1
层面,1
既利,1
又利,1
项目前期,1
统一性,1
在线,1
G219,1
G331,1
线待,1
黄金水道,1
过江,1
信息网络,1
云网,1
算网,1
塑造,1
主导,1
登陆,1
科创板,1
年本,1
推广先进,1
适用技术,1
产业基地,1
动力电池,1
综合体,1
领先地位,1
建造,1
主导型,1
数商,1
兴农,1
出去,1
亲清,1
政商,1
竞相,1
敢干,1
民企,1
外企,1
阳光,1
简政放权,1
放管,1
依法行政,1
文明执法,1
带头,1
遵守,1
契约,1
公信力,1
执行力,1
修改,1
工业园区,1
一件,1
质效,1
信用风险,1
代码,1
税制,1
自我,1
绩效评价,1
中央银行,1
金融服务,1
督促,1
本源,1
当地,1
运输成本,1
终端,1
销售价格,1
送电,1
监督管理,1
校核,1
自给率,1
不再,1
有所提高,1
产业带,1
生产者,1
饲草,1
树立,1
防止出现,1
板促,1
致富,1
循环型,1
山洪,1
水系,1
路基,1
路面,1
加宽,1
管养,1
回旋,1
安徽,1
连接,1
示范作用,1
联建,1
联治,1
干支流,1
湖库,1
岸线,1
中上游,1
四水四定,1
划分,1
用途,1
管制,1
圈为,1
大中小城市,1
城市规划,1
公交,1
规制,1
出口贸易,1
开拓,1
附加值,1
空港,1
保税区,1
不断扩大,1
筹备,1
中日韩,1
革新,1
电池,1
柴油,1
货车,1
污染源,1
无害化,1
危险废物,1
持续性,1
大江,1
大河,1
休养生息,1
物种,1
入侵,1
太湖,1
禀赋,1
步骤,1
核准,1
零碳,1
负碳,1
管理工作,1
造假,1
以新,1
远近,1
严密,1
住房问题,1
头部,1
不良资产,1
信托,1
区域性,1
高度重视,1
境内外,1
确保安全,1
矿井,1
联营,1
备用,1
改气,1
生命财产,1
社会治安,1
生暖,1
民心,1
生活品质,1
就业机会,1
公共部门,1
外出,1
终身,1
高技能,1
培训基地,1
创建活动,1
人才流动,1
中低收入,1
财富,1
慈善,1
职普,1
科教,1
融汇,1
新兴学科,1
交叉学科,1
拔尖,1
事实,1
抚养,1
保值,1
增值,1
按规定,1
囤积居奇,1
哄抬,1
违规行为,1
板上,1
常住,1
广电,1
网点,1
光荣院,1
烈士,1
纪念,1
盲人,1
按摩,1
祖国,1
和平统一,1
文化交流,1
埋头苦干,1
奋勇前进,1
第十三届,1
第五次,1
里程碑,1
必将,1
载入史册,1
隆重庆祝,1
一百周年,1
宣布,1
开启,1
六中全会,1
党史,1
第三个,1
决议,1
四次会议,1
第十四,1
远景,1
同防,1
局部地区,1
50,1
毒株,1
适应性,1
年龄段,1
28.4,1
85%,1
抗新冠,1
特效药,1
获批,1
样本,1
已向,1
最多,1
及性,1
迄今,1
大多数,1
前列,1
114.37,1
1269,1
0.9%,1
3.2,1
2.8,1
缴税,1
灵活运用,1
9%,1
19.95,1
3150,1
商业银行,1
增幅,1
40%,1
4.61%,1
期货市场,1
新棉,1
收购,1
储备棉,1
增供,1
解难,1
交易价格,1
浮动,1
液化,1
LNG,1
运需,1
调节作用,1
分批,1
妥善处置,1
拆弹,1
怀柔,1
张江,1
合肥,1
天问,1
探测器,1
着陆,1
火星,1
探日,1
天舟,1
第三代,1
华龙,1
深水,1
单机,1
功率,1
百万千瓦,1
水轮,1
航空遥感,1
投入使用,1
保链,1
15.5%,1
铁矿,1
27.4%,1
1.1,1
13.5%,1
顺利开展,1
茁壮成长,1
18.2%,1
商用,1
热情,1
基点,1
增势,1
快速增长,1
娱乐,1
进村,1
80%,1
44.08,1
12.5%,1
13.09,1
10.8,1
12%,1
24.5%,1
两新,1
一重,1
62,1
5.6,1
4.9%,1
7.0%,1
10.7%,1
东德,1
7489,1
营运,1
四纵,1
四横,1
加密,1
自动化,1
组网,1
降本增效,1
易致,1
贫户,1
困难户,1
240,1
特困,1
至少,1
一人,1
3145,1
种养业,1
台风,1
512,1
续建,1
13657,1
年产量,1
最高,1
1.6,1
水果,1
量足,1
价稳,1
1.05,1
7200,1
农网,1
农村用电,1
84%,1
布局调整,1
张家口,1
涵养,1
水生,1
生物资源,1
虹桥,1
辽宁,1
湖北,1
济南,1
起步区,1
64.72%,1
素质,1
推向,1
改革方案,1
各项改革,1
国计民生,1
多部,1
立改,1
5847,1
首条,1
控股,1
杭绍台,1
72,1
压减,1
手续,1
办理,1
时限,1
2887.2,1
1.03,1
印花税,1
深交所,1
主板,1
中小板,1
合并,1
证券,1
广州,1
平价,1
峰谷,1
运价,1
定额,1
累进,1
多点,1
并进,1
现货交易,1
配售,1
起以,1
有限公司,1
纽带,1
39.1,1
21.4%,1
外商,1
1735,1
20.2%,1
投资额,1
1136,1
3.2%,1
广交会,1
服贸会,1
投洽会,1
陆港,1
缩减,1
31,1
27,1
检查和,1
145,1
中南半岛,1
比雷埃夫斯,1
交割,1
146,1
22%,1
29%,1
重箱,1
98.1%,1
180,1
港法,1
颁布实施,1
进口商品,1
零关税,1
门户,1
场合,1
申请加入,1
韩自贸,1
加坡,1
林场,1
青藏高原,1
天然林,1
6.2,1
公约,1
第十五次,1
缔约方,1
第一阶段,1
年前,1
青海,1
建设性,1
格拉斯哥,1
议题,1
2162,1
工业园,1
洋垃圾,1
87.5%,1
84.9%,1
1.2%,1
密织,1
创一流,1
95.4%,1
91.4%,1
双减,1
学生,1
膳食,1
县以,1
学位,1
高职,1
扩招,1
63,1
产品质量,1
联体,1
制度化,1
特殊人群,1
明显提高,1
10.29,1
91%,1
13.6,1
报销,1
门诊,1
补助金,1
202,1
万人次,1
亲属,1
应保,1
尽保,1
临时,1
郑州,1
地特,1
大暴雨,1
项提,1
标准规范,1
图书馆,1
红色旅游,1
体育场地,1
2.41,1
平方米,1
床位数,1
813.5,1
万张,1
方便,1
承受,1
两项,1
未成年人,1
总的来看,1
事非,1
不知,1
定力,1
奋力,1
顺利实现,1
一步,1
同心,1
艰苦奋斗,1
国际形势,1
复苏,1
多年未见,1
时有发生,1
迟缓,1
两年,1
加上,1
城市居民,1
抑制,1
线下,1
仍受,1
不牢,1
土地出让,1
经济秩序,1
收窄,1
易受,1
缺芯,1
缺柜,1
缺工,1
环境压力,1
上扬,1
受限,1
消化,1
增大,1
用工,1
应收,1
抬头,1
偿债,1
趋多,1
趋强,1
市场前景,1
担忧,1
屡有,1
理解,1
认识,1
简单机械,1
造成,1
负面影响,1
尽管,1
机遇期,1
综合国力,1
市场潜力,1
亿万人民,1
追求,1
美好生活,1
愿望,1
共克,1
时艰,1
意志,1
第二十次,1
全国代表大会,1
重视,1
坚定性,1
理论,1
特性,1
跃升,1
治国,1
理政,1
要务,1
功夫,1
实事求是,1
初级阶段,1
基本国情,1
尊重,1
充分调动,1
手段,1
未有,1
大变局,1
演变,1
提前,1
工作预案,1
共同奋斗,1
充分考虑,1
调动,1
近两年,1
相衔接,1
基数,1
高速,1
才能,1
以内,1
转岗,1
攸关,1
充分体现,1
成本上升,1
留有余地,1
民以食为天,1
粮稳,1
天下,1
连年丰收,1
状态,1
序时,1
治污,1
开放政策,1
激活,1
平衡性,1
重在,1
靠前,1
动用,1
时度效,1
趋势性,1
相机,1
实招,1
硬招,1
确定性,1
对冲,1
既保证,1
可持续性,1
出现,1
财政收入,1
加之,1
特定,1
专营,1
上缴,1
近年,1
利润,1
调入,1
可用,1
明显增加,1
组合式,1
实惠,1
利民,1
楼堂馆所,1
杠杆,1
疏通,1
努力实现,1
产煤,1
煤炭市场,1
可靠,1
气源,1
战略物资,1
突出重点,1
找准,1
关键性,1
适用范围,1
小规模,1
纳税人,1
年应,1
纳税,1
所得额,1
300,1
所得税,1
税额,1
保险费率,1
支小再,1
降价,1
首贷,1
降低利率,1
让利,1
信贷管理,1
对受,1
避免出现,1
行业性,1
限贷,1
抽贷,1
断贷,1
商户,1
6400,1
成熟,1
市政工程,1
内涝,1
中小城市,1
市政,1
简约,1
夜间,1
便民,1
生活圈,1
假冒伪劣,1
铁水,1
321,1
同等,1
惠企纾困,1
共生,1
共荣,1
资源共享,1
绩效,1
约束力,1
透明度,1
关税,1
后移,1
品目,1
征管,1
依法打击,1
偷税,1
骗税,1
垄断行业,1
阶梯,1
下放,1
落实工作,1
损害,1
通报制度,1
国家标准,1
行政许可,1
互通,1
主管部门,1
立体化,1
事前,1
事中,1
事后,1
信息系统,1
立项,1
科研人员,1
显示,1
度高,1
带动性,1
共性,1
牵头,1
院所,1
相互,1
75%,1
质押,1
入股,1
一大批,1
潜在,1
芯片,1
高精尖,1
税前,1
抵减,1
承租,1
民航,1
压茬,1
划足,1
划实,1
农化,1
非粮化,1
17.6,1
中低产田,1
水旱灾害,1
防御,1
再次,1
接卸,1
畜产品,1
棉糖,1
多发,1
山区,1
保育,1
乡村规划,1
村容村貌,1
人才队伍,1
动力系统,1
天津港,1
禁捕,1
退捕,1
渔民,1
全线,1
区内,1
皖北,1
耗水,1
紧抓,1
黑瞎子,1
大小兴安岭,1
长吉图,1
陕豫,1
金三角,1
山西,1
淮海,1
光谷,1
交融,1
铸牢,1
共同体,1
海洋资源,1
举家,1
公共设施,1
引路,1
纠偏,1
对内,1
外贸企业,1
视情,1
高附加值,1
效防,1
自律,1
扩能,1
综合执法,1
创造条件,1
路网,1
外向型,1
联控,1
利用效率,1
交易中心,1
披露,1
老城区,1
结合部,1
西北地区,1
骨干企业,1
废钢铁,1
废弃,1
机动车,1
废塑料,1
全国一盘棋,1
捕捉,1
产出,1
物耗,1
对标,1
经贸,1
处理厂,1
做深,1
做实,1
财政金融,1
缓释,1
债券市场,1
不良贷款,1
溢出,1
消极,1
红绿灯,1
野蛮,1
生长,1
华北,1
西北,1
储气库,1
达容,1
核增,1
羊曲,1
水电工程,1
输变电,1
地价,1
房价,1
商品房,1
购房者,1
普遍,1
民生问题,1
工资待遇,1
分配机制,1
依法治理,1
便民服务,1
城镇职工,1
缴费,1
依据,1
教育资源,1
教师队伍,1
配套措施,1
妇幼,1
出版,1
电影,1
广播电视,1
路线,1
序贯,1
免疫,1
根据,1
物防,1
技防,1
消毒,1
闭环,1
冻品,1
流调,1
溯源,1
核酸,1
筛查,1
病例,1
力所能及,1
原辅料,1
豁免,1
早日,1
转让技术,1
国家主权,1
祖国统一,1
大陆,1
同等待遇,1
共同市场,1
高举,1
伟大旗帜,1
砥砺,1
奋进,1
实际行动,1
富强,1
民主,1
